gen,nevals,max,avg
0,10,0.9519300801165331,0.9382050355729197
1,10,0.948815337312353,0.9413986410375426
2,10,0.9527787867780603,0.9453874207500036
3,8,0.9527787867780603,0.949096085295183
4,9,0.9530030847396117,0.9492423032263432
5,7,0.9534167119811492,0.9517543260364928
6,10,0.9531079607415486,0.9507205289737811
7,10,0.9535895576504714,0.951682164812896
8,8,0.9531590413943355,0.9526212430306208
9,10,0.9531590413943355,0.9473306504207759
10,9,0.953522149600581,0.9525694998425835
